INSERT INTO users (user_id, username, password, role, score, created_at) VALUES
(1, 'admin', '1234', 'admin', 0, '2025-11-26 09:28:56'),
(2, 'ahmet', '1234', 'user', 62, '2025-11-26 09:28:56'),
(3, 'ayse', '1234', 'user', 50, '2025-11-26 09:28:56'),
(4, 'mehmet_coll', '1234', 'collector', 100, '2025-11-26 09:28:56'),
(5, 'veli', '1234', 'user', 20, '2025-11-26 09:28:56'),
(6, 'zeynep', '1234', 'user', 15, '2025-11-26 09:28:56'),
(7, 'can_coll', '1234', 'collector', 204, '2025-11-26 09:28:56'),
(8, 'ece', '1234', 'user', 5, '2025-11-26 09:28:56'),
(9, 'burak', '1234', 'user', 48, '2025-11-26 09:28:56'),
(10, 'selin_coll', '1234', 'collector', 125, '2025-11-26 09:28:56'),
(11, 'deniz', '1234', 'user', 5, '2025-11-26 09:28:56'),
(12, 'cem', '1234', 'user', 30, '2025-11-26 09:28:56'),
(13, 'anil', '1234', 'user', 0, '2025-12-17 10:33:56'),
(14, 'salih', '1234', 'collector', 5, '2025-12-17 10:35:16'),
(15, 'berkan', '1234', 'user', 0, '2025-12-17 11:28:06');

INSERT INTO categories (category_id, name, points_per_kg) VALUES
(1, 'Cam', 0.50),
(2, 'Plastik', 1.00),
(3, 'Kağıt', 0.80),
(4, 'Metal', 2.50),
(5, 'Elektronik', 5.00),
(6, 'Pil', 10.00),
(7, 'Tekstil', 0.30),
(8, 'Bitkisel Yağ', 3.00),
(9, 'Ahşap', 0.20),
(10, 'Organik', 0.10),
(11, 'Lastik', 1.50),
(12, 'Mobilya', 2.00),
(13, 'Kablo', 6.50),
(14, 'Lamba', 0.50),
(15, 'Beyaz Eşya', 3.50),
(16, 'Kartuş', 4.00),
(17, 'Strafor', 0.20),
(18, 'CD/DVD', 1.20),
(19, 'Seramik', 0.10),
(20, 'Tetra Pak', 0.90);

INSERT INTO waste_items (item_id, user_id, category_id, description, weight_kg, status, location, created_at) VALUES
(1000, 2, 1, 'Soda şişeleri', 2.50, 'Available', 'Kadıköy', '2025-11-26 09:28:57'),
(1001, 2, 3, 'Eski kitaplar', 5.00, 'Recycled', 'Kadıköy', '2025-11-26 09:28:57'),
(1002, 3, 5, 'Ütü', 1.20, 'Available', 'Beşiktaş', '2025-11-26 09:28:57'),
(1004, 5, 4, 'Demirler', 10.00, 'Reserved', 'Üsküdar', '2025-11-26 09:28:57'),
(1005, 6, 1, 'Kavanoz', 3.00, 'Available', 'Fatih', '2025-11-26 09:28:57'),
(1006, 8, 5, 'Laptop', 2.20, 'Available', 'Maltepe', '2025-11-26 09:28:57'),
(1007, 9, 3, 'Koli', 4.50, 'Available', 'Kartal', '2025-11-26 09:28:57'),
(1008, 2, 2, 'Kapaklar', 0.20, 'Recycled', 'Kadıköy', '2025-11-26 09:28:57'),
(1009, 5, 1, 'Bardaklar', 1.50, 'Available', 'Üsküdar', '2025-11-26 09:28:57'),
(1010, 2, 6, 'Piller', 0.50, 'Reserved', 'Maltepe', '2025-11-26 09:28:57'),
(1011, 3, 7, 'Kazaklar', 3.00, 'Reserved', 'Kadıköy', '2025-11-26 09:28:57'),
(1012, 3, 8, 'Kızartma Yağı', 5.00, 'Reserved', 'Beşiktaş', '2025-11-26 09:28:57'),
(1013, 5, 9, 'Sandalye', 4.00, 'Reserved', 'Fatih', '2025-11-26 09:28:57'),
(1014, 2, 2, 'Yoğurt Kabı', 0.50, 'Reserved', 'Maltepe', '2025-11-26 09:28:57'),
(1015, 3, 1, 'Reçel Kavanozu', 1.00, 'Reserved', 'Kadıköy', '2025-11-26 09:28:57'),
(1016, 4, 5, 'Mouse', 0.20, 'Reserved', 'Beşiktaş', '2025-11-26 09:28:57'),
(1017, 8, 3, 'Gazete', 2.00, 'Reserved', 'Şişli', '2025-11-26 09:28:57'),
(1018, 9, 4, 'Tencere', 1.50, 'Reserved', 'Levent', '2025-11-26 09:28:57'),
(1019, 2, 2, 'Bidon', 0.80, 'Reserved', 'Sarıyer', '2025-11-26 09:28:57'),
(1020, 2, 16, 'Bitik kartuşlar', 5.00, 'Recycled', 'Güngören', '2025-11-26 10:22:24'),
(1022, 2, 17, 'parçalanmış strafor', 2.30, 'Recycled', 'Bahçelievler', '2025-12-16 13:55:19'),
(1023, 2, 4, 'Moloz metalleri', 18.00, 'Available', 'Esenler', '2025-12-17 09:54:32'),
(1024, 2, 3, 'Eski ders notları', 10.00, 'Available', 'Çekmeköy', '2025-12-17 10:55:18');

INSERT INTO bookings (booking_id, item_id, collector_id, booking_date) VALUES
(1, 1004, 4, '2025-11-26 09:28:57'),
(2, 1010, 7, '2025-11-26 09:28:57'),
(3, 1011, 10, '2025-11-26 09:28:57'),
(4, 1012, 4, '2025-11-26 09:28:57'),
(5, 1013, 7, '2025-11-26 09:28:57'),
(6, 1014, 10, '2025-11-26 09:28:57'),
(7, 1015, 4, '2025-11-26 09:28:57'),
(8, 1016, 7, '2025-11-26 09:28:57'),
(9, 1017, 10, '2025-11-26 09:28:57'),
(10, 1018, 4, '2025-11-26 09:28:57'),
(11, 1019, 7, '2025-11-26 09:28:57'),
(12, 1008, 1, '2025-11-26 09:34:45'),
(13, 1001, 1, '2025-11-26 09:42:22'),
(14, 1020, 2, '2025-11-26 10:23:11'),
(15, 1022, 2, '2025-12-16 13:56:40');


INSERT INTO messages (message_id, sender_id, receiver_id, message_content, sent_at) VALUES
(1, 4, 5, 'Merhaba, ürün hala duruyor mu?', '2025-11-26 09:28:57'),
(2, 5, 4, 'Evet, Kadıköy meydanda teslim edebilirim.', '2025-11-26 09:28:57'),
(4, 2, 7, 'Yarın akşam 5 uygun.', '2025-11-26 09:28:57'),
(5, 10, 3, 'Adresiniz neresi?', '2025-11-26 09:28:57'),
(6, 3, 10, 'Beşiktaş çarşı içi.', '2025-11-26 09:28:57'),
(7, 4, 3, 'Geldim, neredesiniz?', '2025-11-26 09:28:57'),
(8, 3, 4, '5 dakikaya oradayım.', '2025-11-26 09:28:57'),
(9, 6, 7, 'Kargo yapabilir misiniz?', '2025-11-26 09:28:57'),
(10, 7, 6, 'Maalesef sadece elden teslim.', '2025-11-26 09:28:57'),
(11, 2, 3, 'yarın', '2025-12-16 13:58:40'),
(12, 2, 7, 'Yarın', '2025-12-17 10:11:10');


INSERT INTO reviews (review_id, reviewer_id, target_user_id, rating, comment, created_at) VALUES
(1, 4, 5, 5, 'Hızlı teslimat, teşekkürler.', '2025-11-26 09:28:57'),
(2, 7, 2, 4, 'Ürünler temizdi.', '2025-11-26 09:28:57'),
(3, 10, 3, 5, 'Çok nazik bir kullanıcı.', '2025-11-26 09:28:57'),
(4, 4, 3, 3, 'Biraz geç buluştuk.', '2025-11-26 09:28:57'),
(5, 7, 5, 5, 'Her şey harikaydı.', '2025-11-26 09:28:57'),
(6, 2, 4, 5, 'Toplayıcı zamanında geldi.', '2025-11-26 09:28:57'),
(7, 3, 7, 4, 'Sorunsuz işlem.', '2025-11-26 09:28:57'),
(8, 5, 10, 5, 'Güvenilir.', '2025-11-26 09:28:57'),
(9, 6, 4, 2, 'İletişim zayıftı.', '2025-11-26 09:28:57'),
(10, 8, 7, 5, 'Teşekkürler RecycleShare.', '2025-11-26 09:28:57'),
(11, 2, 2, 4, 'Zamanında geldi.', '2025-11-26 10:24:19'),
(12, 1, 2, 4, 'iyi', '2025-11-26 20:13:16'),
(14, 2, 2, 4, NULL, '2025-12-16 13:57:43'),
(15, 2, 9, 3, 'Geç geldi.', '2025-12-17 09:58:16'),
(16, 13, 7, 4, 'iyi', '2025-12-17 10:34:02'),
(17, 13, 12, 5, NULL, '2025-12-17 10:42:26'),
(18, 13, 8, 5, NULL, '2025-12-17 10:42:42'),
(19, 13, 10, 5, NULL, '2025-12-17 10:42:49'),
(20, 13, 14, 5, NULL, '2025-12-17 10:42:57');
